{
"resources":
	[
		{"name":"bgImage","type":"image","url":"images/bg.jpg"},
		{"name":"pot1","type":"image","url":"images/pot1.png"},
		{"name":"pot2","type":"image","url":"images/pot2.png"},
		{"name":"btnStart","type":"image","url":"images/btn_start.png"},
		{"name":"stay_png","type":"image","url":"images/stay.png"},
		{"name":"stay_json","type":"json","url":"images/stay.json"},
		{"name":"weizhu_png","type":"image","url":"images/weizhu.png"},
		{"name":"weizhu_json","type":"json","url":"images/weizhu.json"},

		{"name":"victory_bg","type":"image","url":"images/victory.png"},
		{"name":"failed_bg","type":"image","url":"images/failed.png"},
		{"name":"share_btn","type":"image","url":"images/shareBTN.png"},
		{"name":"replay_btn","type":"image","url":"images/replay.png"},
		{"name":"more_btn","type":"image","url":"images/more.png"},
		{"name":"egret_txt" ,"type":"image" ,"url":"images/txt.png"},
        {"name":"description","type":"json","url":"config/description.json"}
	],

"groups":
	[
        {"name":"preload","keys":"bgImage,pot1,pot2,egret_txt,btnStart,stay_json,stay_png,weizhu_json,more_btn,weizhu_png,victory_bg,failed_bg,share_btn,replay_btn"}
	]
}